"Tipologia","intergeneracional","padrastros","suegros","nodos_aislados","monoparental","pareja_sin_hijos"
"T1",0,0,0,1,0,0
"T2",0,0,0,0,0,1
"T3",0,0,0,0,0,0
"T4",0,0,0,0,1,0
"T5",0,0,0,0,0,0
"T6",0,0,0,0,1,0
"T7",0,0,0,0,0,0
"T8",0,0,0,1,0,0
"T9",0,0,0,0,1,0
"T10",1,0,0,0,0,0
"T11",0,0,0,1,0,0
"T12",0,1,0,0,0,0
"T13",0,0,0,1,1,0
"T14",0,1,0,0,0,0
"T15",1,0,0,0,0,0
"T16",0,0,0,1,0,0
"T17",1,0,0,0,0,0
"T18",0,0,1,0,0,0
"T19",1,0,0,0,0,0
"T20",0,0,1,0,0,0
"T21",0,0,0,1,0,0
"T22",1,0,0,0,0,0
"T23",0,0,1,0,0,0
"T24",0,0,0,0,0,0
"T25",0,1,0,0,0,0
"T26",0,0,0,1,1,0
"T27",0,0,0,0,1,0
"T28",0,1,0,0,0,0
"T29",0,0,0,1,0,0
"T30",0,0,0,1,0,0
"T31",1,0,0,0,0,0
"T32",1,0,0,0,0,0
"T33",0,0,0,1,1,0
"T34",0,0,1,0,0,0
"T35",0,0,1,0,0,0
"T36",1,0,0,0,0,0
"T37",0,1,0,0,0,0
"T38",1,0,0,0,0,0
"T39",0,0,1,0,0,0
"T40",0,0,1,0,0,0
"T41",1,0,0,1,0,0
"T42",1,0,0,0,0,0
"T43",0,0,0,1,0,0
"T44",0,0,1,0,0,0
"T45",0,0,0,1,0,0
"T46",0,1,0,0,0,0
"T47",1,0,0,0,0,0
"T48",1,1,0,0,0,0
"T49",0,0,0,1,1,0
"T50",0,1,0,1,0,0
"T51",0,0,1,0,0,0
"T52",0,0,1,0,0,0
"T53",0,0,1,0,0,0
"T54",0,0,0,1,0,0
"T55",0,0,0,0,0,0
"T56",0,1,1,0,0,0
"T57",0,0,1,0,0,0
"T58",1,0,0,0,0,0
"T59",0,0,1,1,0,0
"T60",0,0,0,0,1,0
"T61",0,0,0,0,0,0
"T62",0,1,0,0,0,0
"T63",0,1,1,0,0,0
"T64",1,0,0,1,0,0
"T65",0,0,0,0,0,0
"T66",1,0,0,1,0,0
"T67",0,1,0,0,0,0
"T68",0,0,1,0,0,0
"T69",0,0,1,1,0,0
"T70",0,0,1,0,0,0
"T71",1,0,0,0,0,0
"T72",1,0,0,0,0,0
"T73",0,0,0,1,1,0
"T74",1,0,0,1,0,0
"T75",0,1,0,0,0,0
"T76",0,1,0,0,0,0
"T77",0,0,0,0,0,0
"T78",0,0,0,1,0,0
"T79",1,1,0,0,0,0
"T80",0,0,1,0,0,0
"T81",1,0,0,0,0,0
"T82",1,0,0,0,0,0
"T83",1,0,0,1,0,0
"T84",1,0,0,0,0,0
"T85",0,0,0,1,0,0
"T86",1,0,0,0,0,0
"T87",1,1,0,0,0,0
"T88",0,0,0,1,1,0
"T89",1,0,0,0,0,0
"T90",1,0,0,0,0,0
"T91",0,0,0,1,1,0
"T92",0,1,0,0,0,0
"T93",0,1,0,1,0,0
"T94",0,0,0,0,0,0
"T95",0,0,0,0,0,0
"T96",0,1,0,0,0,0
"T97",0,1,1,0,0,0
"T98",1,1,0,0,0,0
"T99",0,0,1,0,0,0
"T100",1,0,0,0,0,0
"T101",0,0,1,0,0,0
"T102",0,1,1,0,0,0
"T103",0,0,1,0,0,0
"T104",0,0,1,1,0,0
"T105",1,0,0,0,0,0
"T106",1,0,0,0,0,0
"T107",0,1,0,1,0,0
"T108",0,1,1,0,0,0
"T109",0,0,0,1,1,0
"T110",0,1,0,0,0,0
"T111",1,0,0,0,0,0
"T112",0,1,1,0,0,0
"T113",1,0,1,0,0,0
"T114",0,0,0,1,0,0
"T115",0,1,1,0,0,0
"T116",0,0,0,0,0,0
"T117",1,0,0,0,0,0
"T118",0,0,0,0,0,0
"T119",0,1,1,0,0,0
"T120",1,0,0,0,0,0
"T121",1,0,0,0,0,0
"T122",0,1,0,1,0,0
"T123",0,1,1,0,0,0
"T124",0,0,0,1,0,0
"T125",0,1,0,1,0,0
"T126",0,1,0,0,0,0
"T127",0,0,0,1,0,0
"T128",1,0,0,1,0,0
"T129",0,0,1,1,0,0
"T130",0,0,1,0,0,0
"T131",0,1,1,0,0,0
"T132",1,0,0,0,0,0
"T133",1,0,1,0,0,0
"T134",0,0,0,1,0,0
"T135",0,0,0,1,0,0
"T136",0,0,0,0,1,0
"T137",0,0,1,0,0,0
"T138",1,0,1,0,0,0
"T139",0,0,0,1,0,0
"T140",1,0,0,1,0,0
"T141",1,0,0,1,0,0
"T142",1,1,0,1,0,0
"T143",1,0,0,0,0,0
"T144",1,0,0,0,0,0
"T145",1,1,0,0,0,0
"T146",0,1,1,0,0,0
"T147",1,1,0,0,0,0
"T148",1,0,1,0,0,0
"T149",0,0,0,0,0,0
"T150",1,1,0,0,0,0
"T151",1,0,0,1,0,0
"T152",1,0,0,1,0,0
"T153",0,0,1,1,0,0
"T154",0,0,0,1,0,0
"T155",0,1,0,0,0,0
"T156",0,0,0,0,0,0
"T157",0,0,1,0,0,0
"T158",1,0,0,0,0,0
"T159",0,0,0,0,0,0
"T160",1,0,1,0,0,0
"T161",0,0,0,1,0,0
"T162",1,0,0,1,0,0
"T163",0,0,1,1,0,0
"T164",0,0,1,0,0,0
"T165",0,1,1,0,0,0
"T166",0,1,1,0,0,0
"T167",0,0,1,0,0,0
"T168",1,0,1,0,0,0
"T169",1,0,1,0,0,0
"T170",0,0,0,0,0,0
"T171",1,1,0,0,0,0
"T172",1,1,0,0,0,0
"T173",0,0,0,1,0,0
"T174",0,0,0,1,0,0
"T175",0,0,1,1,0,0
"T176",0,0,1,1,0,0
"T177",1,0,0,0,0,0
"T178",0,0,1,0,0,0
"T179",1,0,0,0,0,0
"T180",0,1,1,0,0,0
"T181",0,1,1,0,0,0
"T182",0,1,1,0,0,0
"T183",1,0,0,0,0,0
"T184",0,1,0,0,0,0
"T185",0,1,1,0,0,0
"T186",1,0,0,0,0,0
"T187",0,1,1,0,0,0
"T188",1,1,0,0,0,0
"T189",1,0,0,0,0,0
"T190",0,0,0,1,1,0
"T191",0,1,0,1,0,0
"T192",0,0,0,1,0,0
"T193",1,0,0,1,0,0
"T194",0,0,1,1,0,0
"T195",0,1,1,1,0,0
"T196",0,0,1,1,0,0
"T197",1,0,0,1,0,0
"T198",0,1,0,0,0,0
"T199",1,0,0,0,0,0
"T200",1,1,0,0,0,0
"T201",1,1,0,0,0,0
"T202",1,0,0,0,0,0
"T203",1,0,0,0,0,0
"T204",0,0,1,0,0,0
"T205",1,0,0,0,0,0
"T206",0,1,0,0,0,0
"T207",0,0,1,0,0,0
"T208",0,0,1,0,0,0
"T209",1,0,0,0,0,0
"T210",1,0,0,0,0,0
"T211",1,0,1,0,0,0
"T212",0,1,1,0,0,0
"T213",0,0,0,1,0,0
"T214",0,0,1,1,0,0
"T215",1,0,0,1,0,0
"T216",0,0,1,1,0,0
"T217",0,0,1,1,0,0
"T218",0,1,0,1,0,0
"T219",0,1,0,1,0,0
"T220",0,1,1,1,0,0
"T221",0,0,0,1,0,0
"T222",0,1,1,0,0,0
"T223",0,0,1,0,0,0
"T224",0,0,1,0,0,0
"T225",1,0,0,0,0,0
"T226",1,0,0,0,0,0
"T227",0,1,1,0,0,0
"T228",0,0,1,0,0,0
"T229",1,0,0,0,0,0
"T230",0,0,0,0,0,0
"T231",0,1,1,0,0,0
"T232",0,1,0,0,0,0
"T233",1,0,1,0,0,0
"T234",0,1,1,0,0,0
"T235",0,0,1,0,0,0
"T236",0,1,1,0,0,0
"T237",1,0,1,0,0,0
"T238",1,0,1,0,0,0
"T239",1,0,1,0,0,0
"T240",1,0,0,0,0,0
"T241",0,0,0,1,0,0
"T242",0,0,1,1,0,0
"T243",0,0,1,1,0,0
"T244",1,0,0,1,0,0
"T245",0,0,1,1,0,0
"T246",0,0,0,1,0,0
"T247",1,1,0,1,0,0
"T248",0,1,1,0,0,0
"T249",0,1,1,0,0,0
"T250",1,0,0,0,0,0
"T251",0,0,0,0,0,0
"T252",0,1,0,0,0,0
"T253",0,1,1,0,0,0
"T254",0,0,0,0,0,0
"T255",1,1,0,0,0,0
"T256",0,1,1,0,0,0
"T257",0,0,1,0,0,0
"T258",0,1,1,0,0,0
"T259",0,0,1,0,0,0
"T260",1,0,1,0,0,0
"T261",1,0,1,0,0,0
"T262",1,0,1,0,0,0
"T263",1,0,1,0,0,0
"T264",1,0,0,0,0,0
"T265",0,1,1,0,0,0
"T266",0,1,1,0,0,0
"T267",0,0,0,0,0,0
"T268",0,1,1,0,0,0
"T269",1,1,1,0,0,0
"T270",0,1,0,0,0,0
"T271",0,0,0,0,0,0
"T272",0,0,0,1,1,0
"T273",0,0,0,1,0,0
"T274",1,0,0,1,0,0
"T275",0,0,0,1,1,0
"T276",1,0,0,1,0,0
"T277",0,1,0,1,0,0
"T278",0,0,0,1,0,0
"T279",0,0,1,1,0,0
"T280",1,0,0,1,0,0
"T281",0,0,0,1,1,0
"T282",1,0,0,1,0,0
"T283",0,1,0,1,0,0
"T284",0,0,1,1,0,0
"T285",1,0,0,1,0,0
"T286",0,1,1,1,0,0
"T287",1,0,0,1,0,0
"T288",0,0,0,1,0,0
"T289",1,0,0,1,0,0
"T290",0,0,0,1,0,0
"T291",0,0,1,1,0,0
"T292",0,0,1,0,0,0
"T293",1,0,0,0,0,0
"T294",0,1,1,0,0,0
"T295",0,1,1,0,0,0
"T296",1,0,0,0,0,0
"T297",1,0,0,0,0,0
"T298",1,0,0,0,0,0
"T299",1,0,1,0,0,0
"T300",1,0,1,0,0,0
"T301",0,1,1,0,0,0
"T302",1,0,0,0,0,0
"T303",1,1,0,0,0,0
"T304",0,1,1,0,0,0
"T305",1,1,0,0,0,0
"T306",1,1,1,0,0,0
"T307",1,0,0,0,0,0
"T308",0,1,1,0,0,0
"T309",0,0,0,0,0,0
"T310",0,1,0,0,0,0
"T311",1,0,1,0,0,0
"T312",0,0,1,0,0,0
"T313",0,0,1,0,0,0
"T314",1,0,1,0,0,0
"T315",1,0,1,0,0,0
"T316",1,0,1,0,0,0
"T317",0,0,1,0,0,0
"T318",0,0,1,0,0,0
"T319",1,0,0,0,0,0
"T320",1,0,0,0,0,0
"T321",1,0,0,0,0,0
"T322",0,0,1,0,0,0
"T323",0,0,0,1,0,0
"T324",0,0,0,1,0,0
"T325",0,0,1,1,0,0
"T326",0,1,0,1,0,0
"T327",1,0,0,1,0,0
"T328",0,1,0,1,0,0
"T329",0,0,1,1,0,0
"T330",1,0,0,1,0,0
"T331",1,0,0,1,0,0
"T332",1,0,0,1,0,0
"T333",0,0,1,1,0,0
"T334",0,0,0,1,0,0
"T335",0,0,1,1,0,0
"T336",1,0,0,1,0,0
"T337",0,0,1,1,0,0
"T338",1,0,0,1,0,0
"T339",0,1,0,1,0,0
"T340",0,0,1,1,0,0
"T341",0,0,1,1,0,0
"T342",0,0,1,1,0,0
"T343",0,0,0,1,0,0
"T344",0,0,1,1,0,0
"T345",0,0,1,1,0,0
"T346",0,1,1,1,0,0
"T347",0,1,0,1,0,0
"T348",0,0,0,1,0,0
"T349",0,1,0,1,0,0
"T350",1,1,0,1,0,0
"T351",0,0,0,1,0,0
"T352",1,0,0,1,0,0
"T353",0,1,0,1,0,0
"T354",1,0,0,1,0,0
"T355",0,1,1,1,0,0
"T356",0,1,1,1,0,0
"T357",0,1,1,1,0,0
"T358",1,0,0,1,0,0
"T359",1,0,1,1,0,0
"T360",0,1,1,1,0,0
"T361",1,0,1,1,0,0
"T362",1,1,0,1,0,0
"T363",0,1,0,1,0,0
"T364",0,1,1,1,0,0
"T365",0,0,1,0,0,0
"T366",0,0,1,0,0,0
"T367",1,0,1,0,0,0
"T368",1,0,0,0,0,0
"T369",1,0,0,0,0,0
"T370",0,1,1,0,0,0
"T371",0,0,0,0,0,0
"T372",0,0,1,0,0,0
"T373",0,0,1,0,0,0
"T374",0,0,1,0,0,0
"T375",0,0,1,0,0,0
"T376",1,0,1,0,0,0
"T377",1,0,1,0,0,0
"T378",0,1,1,0,0,0
"T379",0,1,0,0,0,0
"T380",0,0,1,0,0,0
"T381",0,1,0,0,0,0
"T382",0,1,1,0,0,0
"T383",0,1,1,0,0,0
"T384",1,0,1,0,0,0
"T385",0,1,1,0,0,0
"T386",0,1,1,0,0,0
"T387",0,1,1,0,0,0
"T388",0,1,1,0,0,0
"T389",0,1,1,0,0,0
"T390",0,1,1,0,0,0
"T391",0,0,0,0,0,0
"T392",0,0,1,0,0,0
"T393",1,0,0,0,0,0
"T394",0,0,1,0,0,0
"T395",1,0,0,0,0,0
"T396",0,0,1,0,0,0
"T397",0,1,1,0,0,0
"T398",1,0,1,0,0,0
"T399",1,0,0,0,0,0
"T400",1,0,1,0,0,0
"T401",1,0,0,0,0,0
"T402",1,0,1,0,0,0
"T403",1,0,0,0,0,0
"T404",0,1,0,0,0,0
"T405",1,1,1,0,0,0
"T406",0,1,0,0,0,0
"T407",1,0,1,0,0,0
"T408",1,0,1,0,0,0
"T409",0,1,1,0,0,0
"T410",0,1,0,0,0,0
"T411",0,1,1,0,0,0
"T412",0,1,0,0,0,0
"T413",0,0,1,0,0,0
"T414",0,1,1,0,0,0
"T415",0,1,1,0,0,0
"T416",0,0,0,0,0,0
"T417",1,0,1,0,0,0
"T418",1,0,0,0,0,0
"T419",1,1,1,0,0,0
"T420",1,1,0,0,0,0
"T421",1,0,1,0,0,0
"T422",1,0,0,0,0,0
"T423",1,0,0,0,0,0
"T424",0,0,1,0,0,0
"T425",0,1,1,0,0,0
"T426",0,0,0,0,0,0
"T427",0,1,0,0,0,0
"T428",0,1,1,0,0,0
"T429",1,1,0,0,0,0
"T430",0,1,1,0,0,0
"T431",0,1,1,0,0,0
"T432",0,1,1,0,0,0
"T433",0,0,0,0,0,0
"T434",0,1,1,0,0,0
"T435",1,0,0,0,0,0
"T436",1,1,1,0,0,0
"T437",1,0,1,0,0,0
"T438",1,0,0,0,0,0
"T439",0,1,0,0,0,0
"T440",1,0,0,0,0,0
"T441",0,1,1,0,0,0
"T442",1,0,0,0,0,0
"T443",1,1,0,0,0,0
"T444",1,1,1,0,0,0
"T445",1,0,1,0,0,0
"T446",0,1,1,0,0,0
"T447",0,1,1,0,0,0
"T448",1,1,0,0,0,0
"T449",0,1,1,0,0,0
"T450",0,0,1,0,0,0
"T451",1,0,1,0,0,0
"T452",1,1,1,0,0,0
"T453",0,0,0,0,0,0
"T454",1,1,0,0,0,0
"T455",1,1,1,0,0,0
"T456",0,0,1,0,0,0
"T457",0,0,0,1,0,0
"T458",0,0,0,1,0,0
"T459",0,1,0,1,0,0
"T460",0,0,0,1,0,0
"T461",0,0,0,1,0,0
"T462",0,0,0,1,1,0
"T463",0,1,0,1,0,0
"T464",1,0,0,1,0,0
"T465",1,0,0,1,0,0
"T466",0,0,0,1,0,0
"T467",1,0,0,1,0,0
"T468",0,0,0,1,1,0
"T469",1,0,1,1,0,0
"T470",1,0,0,1,0,0
"T471",0,0,0,1,0,0
"T472",1,0,0,1,0,0
"T473",1,0,0,1,0,0
"T474",0,1,0,1,0,0
"T475",0,0,0,1,0,0
"T476",0,0,1,1,0,0
"T477",1,0,0,1,0,0
"T478",0,0,0,1,1,0
"T479",1,0,0,1,0,0
"T480",0,1,1,1,0,0
"T481",0,1,1,1,0,0
"T482",0,0,0,1,0,0
"T483",0,0,1,1,0,0
"T484",0,0,0,1,0,0
"T485",0,0,0,1,1,0
"T486",0,1,1,1,0,0
"T487",0,0,1,1,0,0
"T488",1,0,0,1,0,0
"T489",0,0,1,1,0,0
"T490",1,1,1,1,0,0
"T491",0,1,0,1,0,0
"T492",0,0,0,1,0,0
"T493",0,0,0,1,0,0
"T494",1,0,0,1,0,0
"T495",0,1,1,1,0,0
"T496",1,0,0,1,0,0
"T497",0,1,1,1,0,0
"T498",1,1,0,1,0,0
"T499",0,0,0,1,0,0
"T500",1,0,1,1,0,0
"T501",0,0,1,1,0,0
"T502",1,1,0,1,0,0
"T503",0,0,1,1,0,0
"T504",0,1,0,1,0,0
"T505",0,0,1,1,0,0
"T506",0,1,1,1,0,0
"T507",0,0,1,1,0,0
"T508",1,1,0,1,0,0
"T509",0,0,0,1,0,0
"T510",1,0,0,1,0,0
"T511",1,1,0,1,0,0
"T512",1,0,0,1,0,0
"T513",1,1,1,1,0,0
"T514",1,0,1,1,0,0
"T515",1,0,0,1,0,0
"T516",1,0,0,1,0,0
"T517",0,1,0,1,0,0
"T518",0,0,1,1,0,0
"T519",0,1,0,1,0,0
"T520",0,1,1,1,0,0
"T521",1,1,1,1,0,0
"T522",1,0,0,1,0,0
"T523",0,0,0,1,0,0
"T524",0,0,0,1,0,0
"T525",0,1,1,1,0,0
"T526",0,1,1,1,0,0
"T527",0,0,1,1,0,0
"T528",1,0,0,1,0,0
"T529",1,1,1,1,0,0
"T530",1,0,0,1,0,0
"T531",1,0,1,1,0,0
"T532",0,0,1,1,0,0
"T533",1,0,1,1,0,0
"T534",0,1,1,1,0,0
"T535",0,0,1,1,0,0
"T536",1,0,1,1,0,0
"T537",1,0,0,1,0,0
"T538",1,0,0,1,0,0
"T539",0,1,0,1,0,0
"T540",0,0,1,1,0,0
"T541",0,0,1,1,0,0
"T542",1,0,1,1,0,0
"T543",1,1,0,1,0,0
"T544",1,0,0,1,0,0
"T545",0,0,1,1,0,0
"T546",1,1,1,1,0,0
"T547",0,1,0,1,0,0
"T548",0,1,0,1,0,0
"T549",0,0,0,1,0,0
"T550",0,1,1,1,0,0
"T551",1,1,0,1,0,0
"T552",0,1,1,1,0,0
"T553",1,0,1,1,0,0
"T554",1,0,1,1,0,0
"T555",1,1,0,1,0,0
"T556",1,1,1,1,0,0
"T557",1,0,0,1,0,0
"T558",0,1,0,1,0,0
"T559",1,1,1,1,0,0
"T560",0,1,1,1,0,0
"T561",1,0,0,1,0,0
"T562",0,0,1,1,0,0
"T563",1,0,1,1,0,0
"T564",1,0,0,1,0,0
"T565",1,0,0,1,0,0
"T566",0,0,0,1,0,0
"T567",1,0,0,1,0,0
"T568",0,1,1,1,0,0
"T569",1,0,1,1,0,0
"T570",0,0,0,1,0,0
"T571",0,0,1,1,0,0
"T572",1,1,0,1,0,0
"T573",1,0,0,1,0,0
"T574",1,1,0,1,0,0
"T575",0,0,1,1,0,0
"T576",0,1,1,1,0,0
"T577",1,1,1,1,0,0
"T578",0,1,1,1,0,0
"T579",0,0,1,1,0,0
"T580",1,1,0,1,0,0
"T581",1,0,0,1,0,0
"T582",1,0,0,1,0,0
"T583",1,0,0,1,0,0
"T584",1,0,0,1,0,0
"T585",0,1,0,1,0,0
"T586",1,0,0,1,0,0
"T587",0,0,1,1,0,0
"T588",0,0,1,1,0,0
"T589",0,1,1,1,0,0
"T590",0,1,1,0,0,0
"T591",0,1,1,1,0,0
"T592",0,0,0,1,0,0
"T593",1,1,0,1,0,0
"T594",1,1,0,1,0,0
"T595",1,1,0,1,0,0
"T596",0,0,0,1,0,0
"T597",0,1,1,1,0,0
"T598",0,1,0,1,0,0
"T599",0,1,1,1,0,0
"T600",0,0,1,1,0,0
"T601",0,0,1,0,0,0
"T602",1,0,0,0,0,0
"T603",1,0,0,1,0,0
"T604",0,1,1,1,0,0
"T605",0,0,1,0,0,0
"T606",0,0,0,1,0,0
"T607",0,1,1,0,0,0
"T608",1,0,1,0,0,0
"T609",0,1,1,0,0,0
"T610",0,1,0,0,0,0
"T611",1,0,1,0,0,0
"T612",0,0,1,0,0,0
"T613",0,1,1,0,0,0
"T614",0,1,1,0,0,0
"T615",0,1,0,1,0,0
"T616",1,1,0,1,0,0
"T617",0,1,1,1,0,0
"T618",1,0,1,1,0,0
"T619",0,0,1,0,0,0
"T620",0,0,1,0,0,0
"T621",1,1,1,0,0,0
"T622",1,0,1,0,0,0
"T623",1,1,1,0,0,0
"T624",0,1,1,0,0,0
"T625",0,1,1,0,0,0
"T626",1,0,0,0,0,0
"T627",1,0,0,0,0,0
"T628",1,1,1,0,0,0
"T629",1,0,1,0,0,0
"T630",1,1,1,0,0,0
"T631",1,1,1,0,0,0
"T632",0,1,0,0,0,0
"T633",0,0,1,0,0,0
"T634",0,1,1,0,0,0
"T635",1,0,1,0,0,0
"T636",0,1,0,0,0,0
"T637",0,0,1,0,0,0
"T638",0,1,1,0,0,0
"T639",0,1,1,0,0,0
"T640",0,1,0,0,0,0
"T641",1,0,0,1,0,0
"T642",0,1,1,0,0,0
"T643",0,1,1,0,0,0
"T644",0,0,1,0,0,0
"T645",0,0,1,0,0,0
"T646",0,0,1,0,0,0
"T647",1,0,0,0,0,0
"T648",0,1,1,0,0,0
"T649",1,0,0,0,0,0
"T650",1,0,0,0,0,0
"T651",0,0,1,0,0,0
"T652",1,0,1,0,0,0
"T653",1,0,0,0,0,0
"T654",1,0,0,0,0,0
"T655",0,1,1,0,0,0
"T656",0,1,1,0,0,0
"T657",1,0,0,0,0,0
"T658",1,0,0,0,0,0
"T659",0,1,0,0,0,0
"T660",1,1,0,0,0,0
"T661",1,0,0,0,0,0
"T662",0,0,0,0,1,0
"T663",0,0,0,0,0,0
"T664",1,1,0,0,0,0
"T665",0,1,1,0,0,0
"T666",0,0,1,0,0,0
"T667",0,1,1,0,0,0
"T668",1,0,1,0,0,0
"T669",0,1,1,0,0,0
"T670",0,1,1,0,0,0
"T671",0,1,1,0,0,0
"T672",0,1,1,0,0,0
"T673",0,1,1,0,0,0
"T674",0,1,1,0,0,0
"T675",0,1,0,0,0,0
"T676",0,1,1,0,0,0
"T677",0,1,0,0,0,0
"T678",0,1,1,0,0,0
"T679",0,1,1,0,0,0
"T680",0,1,1,0,0,0
"T681",0,1,1,0,0,0
"T682",0,0,1,0,0,0
"T683",0,0,1,0,0,0
"T684",0,0,1,0,0,0
"T685",0,0,1,0,0,0
"T686",0,0,1,0,0,0
"T687",0,1,1,0,0,0
"T688",1,1,1,0,0,0
"T689",1,0,1,0,0,0
"T690",1,0,0,0,0,0
"T691",1,0,0,0,0,0
"T692",1,1,0,0,0,0
"T693",1,0,0,0,0,0
"T694",1,0,0,0,0,0
"T695",0,1,0,0,0,0
"T696",1,0,1,0,0,0
"T697",1,1,1,0,0,0
"T698",1,1,0,0,0,0
"T699",1,0,1,0,0,0
"T700",1,0,0,0,0,0
"T701",1,0,0,0,0,0
"T702",0,1,1,0,0,0
"T703",0,0,1,0,0,0
"T704",1,0,0,0,0,0
"T705",0,1,1,0,0,0
"T706",0,1,1,0,0,0
"T707",0,1,0,0,0,0
"T708",0,1,1,0,0,0
"T709",1,1,0,0,0,0
"T710",1,0,0,0,0,0
"T711",1,0,1,0,0,0
"T712",0,1,1,0,0,0
"T713",1,1,1,0,0,0
"T714",1,0,0,0,0,0
"T715",1,0,0,0,0,0
"T716",1,0,0,0,0,0
"T717",1,1,0,0,0,0
"T718",1,1,1,0,0,0
"T719",1,1,1,0,0,0
"T720",1,0,1,0,0,0
"T721",1,0,0,0,0,0
"T722",1,0,0,0,0,0
"T723",1,0,0,0,0,0
"T724",1,0,0,0,0,0
"T725",0,1,1,0,0,0
"T726",0,1,0,0,0,0
"T727",1,1,0,0,0,0
"T728",1,1,0,0,0,0
"T729",1,1,1,0,0,0
"T730",1,0,1,0,0,0
"T731",1,0,0,0,0,0
"T732",1,1,0,0,0,0
"T733",0,1,1,0,0,0
"T734",0,1,0,0,0,0
"T735",0,1,1,0,0,0
"T736",0,1,1,0,0,0
"T737",0,1,0,0,0,0
"T738",1,0,1,0,0,0
"T739",0,0,0,0,0,0
"T740",1,0,0,0,0,0
"T741",0,1,1,0,0,0
"T742",0,1,1,0,0,0
"T743",1,0,0,0,0,0
"T744",0,1,1,0,0,0
"T745",0,1,1,0,0,0
"T746",0,1,1,0,0,0
"T747",0,1,1,0,0,0
"T748",0,1,1,0,0,0
"T749",0,1,0,0,0,0
"T750",0,1,1,0,0,0
"T751",0,1,1,0,0,0
"T752",0,1,1,0,0,0
"T753",1,1,1,0,0,0
"T754",0,0,1,0,0,0
"T755",0,0,1,0,0,0
"T756",0,0,1,0,0,0
"T757",0,0,1,0,0,0
"T758",0,0,1,0,0,0
"T759",1,1,1,0,0,0
"T760",1,1,1,0,0,0
"T761",1,0,1,0,0,0
"T762",1,0,1,0,0,0
"T763",0,0,1,0,0,0
"T764",1,1,1,0,0,0
"T765",1,0,1,0,0,0
"T766",1,0,1,0,0,0
"T767",0,0,1,0,0,0
"T768",1,0,1,0,0,0
"T769",1,0,0,0,0,0
"T770",0,1,1,0,0,0
"T771",1,0,0,0,0,0
"T772",1,0,0,0,0,0
"T773",1,0,1,0,0,0
"T774",1,1,1,0,0,0
"T775",1,0,1,0,0,0
"T776",1,0,1,0,0,0
"T777",0,1,0,0,0,0
"T778",1,0,0,0,0,0
"T779",1,0,0,0,0,0
"T780",0,0,1,0,0,0
"T781",1,0,0,0,0,0
"T782",1,0,0,0,0,0
"T783",0,1,1,0,0,0
"T784",1,1,0,0,0,0
"T785",0,1,1,0,0,0
"T786",1,0,0,0,0,0
"T787",1,1,1,0,0,0
"T788",0,0,0,0,0,0
"T789",1,0,0,0,0,0
"T790",0,1,1,0,0,0
"T791",1,0,0,0,0,0
"T792",1,1,1,0,0,0
"T793",1,0,1,0,0,0
"T794",0,0,0,0,0,0
"T795",1,1,0,0,0,0
"T796",0,1,1,0,0,0
"T797",0,1,1,0,0,0
"T798",0,1,1,0,0,0
"T799",1,1,1,0,0,0
"T800",1,1,1,0,0,0
"T801",1,1,0,0,0,0
"T802",1,0,0,0,0,0
"T803",1,0,1,0,0,0
"T804",0,0,1,0,0,0
"T805",1,1,0,0,0,0
"T806",0,1,1,0,0,0
"T807",0,1,1,0,0,0
"T808",0,1,1,0,0,0
"T809",0,1,0,0,0,0
"T810",1,0,0,0,0,0
"T811",0,1,1,0,0,0
"T812",1,0,1,0,0,0
"T813",0,1,1,0,0,0
"T814",0,1,1,0,0,0
"T815",0,1,1,0,0,0
"T816",1,1,1,0,0,0
"T817",1,0,0,0,0,0
"T818",0,1,1,0,0,0
"T819",0,1,0,0,0,0
"T820",0,1,1,0,0,0
"T821",1,1,0,0,0,0
"T822",1,0,0,0,0,0
"T823",0,1,1,0,0,0
"T824",0,1,1,0,0,0
"T825",1,0,0,0,0,0
"T826",0,0,1,0,0,0
"T827",1,0,0,0,0,0
"T828",0,1,1,0,0,0
"T829",0,1,1,0,0,0
"T830",0,1,1,0,0,0
"T831",1,0,0,0,0,0
"T832",1,1,1,0,0,0
"T833",1,1,1,0,0,0
"T834",0,1,1,0,0,0
"T835",0,1,1,0,0,0
"T836",0,0,1,0,0,0
"T837",0,0,1,0,0,0
"T838",0,0,1,0,0,0
"T839",0,0,1,0,0,0
"T840",0,1,1,0,0,0
"T841",0,0,1,0,0,0
"T842",1,0,1,0,0,0
"T843",0,0,0,0,0,0
"T844",1,0,1,0,0,0
"T845",0,0,1,0,0,0
"T846",1,1,1,0,0,0
"T847",0,1,1,0,0,0
"T848",1,1,1,0,0,0
"T849",0,1,1,0,0,0
"T850",1,0,1,0,0,0
"T851",1,1,1,0,0,0
"T852",1,1,1,0,0,0
"T853",1,0,0,0,0,0
"T854",1,1,1,0,0,0
"T855",1,0,1,0,0,0
"T856",0,1,1,0,0,0
"T857",1,0,1,0,0,0
"T858",1,0,1,0,0,0
"T859",1,1,0,0,0,0
"T860",1,0,1,0,0,0
"T861",1,1,1,0,0,0
"T862",1,0,1,0,0,0
"T863",1,0,0,0,0,0
"T864",1,1,0,0,0,0
"T865",1,1,1,0,0,0
"T866",1,1,0,0,0,0
"T867",1,0,1,0,0,0
"T868",1,0,1,0,0,0
"T869",1,0,0,0,0,0
"T870",1,0,1,0,0,0
"T871",1,0,0,0,0,0
"T872",1,1,0,0,0,0
"T873",1,1,0,0,0,0
"T874",1,1,0,0,0,0
"T875",1,0,0,0,0,0
"T876",1,1,1,0,0,0
"T877",1,1,1,0,0,0
"T878",1,1,1,0,0,0
"T879",0,1,1,0,0,0
"T880",0,1,1,0,0,0
"T881",1,1,1,0,0,0
"T882",1,0,0,0,0,0
"T883",1,0,0,0,0,0
"T884",1,0,0,0,0,0
"T885",1,0,0,0,0,0
"T886",1,0,0,0,0,0
"T887",1,0,0,0,0,0
"T888",0,1,0,0,0,0
"T889",1,1,0,0,0,0
"T890",1,1,0,0,0,0
"T891",1,0,1,0,0,0
"T892",1,1,1,0,0,0
"T893",0,1,0,0,0,0
"T894",1,1,0,0,0,0
"T895",1,1,1,0,0,0
"T896",1,1,0,0,0,0
"T897",1,1,0,0,0,0
"T898",0,1,1,0,0,0
"T899",0,1,1,0,0,0
"T900",0,1,1,0,0,0
"T901",0,1,1,0,0,0
"T902",1,1,1,0,0,0
"T903",0,1,1,0,0,0
"T904",0,1,1,0,0,0
"T905",1,0,0,0,0,0
"T906",0,1,1,0,0,0
"T907",0,0,1,0,0,0
"T908",0,0,1,0,0,0
"T909",0,0,1,0,0,0
"T910",0,1,1,0,0,0
"T911",1,0,1,0,0,0
"T912",1,1,1,0,0,0
"T913",1,1,1,0,0,0
"T914",0,1,1,0,0,0
"T915",0,0,1,0,0,0
"T916",1,0,1,0,0,0
"T917",1,0,1,0,0,0
"T918",1,0,1,0,0,0
"T919",1,1,1,0,0,0
"T920",0,1,1,0,0,0
"T921",1,1,1,0,0,0
"T922",1,1,1,0,0,0
"T923",1,0,0,0,0,0
"T924",1,0,0,0,0,0
"T925",1,0,1,0,0,0
"T926",1,1,0,0,0,0
"T927",0,0,1,0,0,0
"T928",1,1,1,0,0,0
"T929",1,0,0,0,0,0
"T930",1,1,1,0,0,0
"T931",0,1,0,0,0,0
"T932",1,1,0,0,0,0
"T933",1,1,0,0,0,0
"T934",1,0,0,0,0,0
"T935",1,0,0,0,0,0
"T936",1,1,1,0,0,0
"T937",1,1,0,0,0,0
"T938",1,1,0,0,0,0
"T939",0,0,1,0,0,0
"T940",1,0,0,0,0,0
"T941",1,0,1,0,0,0
"T942",0,1,1,0,0,0
"T943",1,1,0,0,0,0
"T944",0,1,1,0,0,0
"T945",0,1,1,0,0,0
"T946",0,0,1,0,0,0
"T947",0,1,1,0,0,0
"T948",0,0,1,0,0,0
"T949",0,0,1,0,0,0
"T950",0,0,1,0,0,0
"T951",0,1,1,0,0,0
"T952",0,0,1,0,0,0
"T953",1,0,1,0,0,0
"T954",1,1,1,0,0,0
"T955",0,1,1,0,0,0
"T956",1,1,0,0,0,0
"T957",1,0,1,0,0,0
"T958",0,0,1,0,0,0
"T959",0,1,1,0,0,0
"T960",1,0,1,0,0,0
"T961",0,0,1,0,0,0
"T962",0,0,1,0,0,0
"T963",1,0,1,0,0,0
"T964",0,0,1,0,0,0
